N,mean,variance,95% interv lower,95% interv upper
100,0.539130235620196,0.433451392828971,0.410092036767104,0.668168434473288
1000,0.592795052184445,0.481220406868023,0.54979983876875,0.63579026560014
10000,0.576718526503315,0.478184564393879,0.563165201033856,0.590271851972773
100000,0.579205336753066,0.489029826001298,0.574871068719504,0.583539604786627
1000000,0.582068918892158,0.490477845370524,0.580696275294768,0.583441562489547
