N,mean,variance,95% interv lower,95% interv upper
100,0.687613975788045,0.772018361089925,0.515402572479591,0.859825379096499
1000,0.498547622930932,0.48819661223977,0.455241882176138,0.541853363685727
10000,0.490700239108825,0.453091561196332,0.477507314587174,0.503893163630476
100000,0.490453864654489,0.440923914523568,0.486338295361303,0.494569433947675
1000000,0.487309176142211,0.435873701700381,0.486015193578145,0.488603158706276
