N,mean,variance,95% interv lower,95% interv upper
100,0,0,0,0
1000,2.09667858015163e-05,4.39606106846666e-07,-2.01273592410214e-05,6.20609308440541e-05
10000,1.34247988651393e-05,1.01731741848473e-06,-6.3438201323626e-06,3.31934178626412e-05
100000,3.81248118880009e-05,7.75613056337693e-06,2.08636253218521e-05,5.53859984541497e-05
1000000,5.87653148478304e-05,2.2546750460071e-05,4.94587358075585e-05,6.80718938881024e-05
