N,mean,variance,95% interv lower,95% interv upper
100,0,0,0,0
1000,0,0,0,0
10000,5.7333987418994e-05,1.41889817169259e-05,-1.64944549139936e-05,0.000131162429751982
100000,6.58697047999484e-05,3.32958111946897e-05,3.01059679138221e-05,0.000101633441686075
1000000,5.04907296680084e-05,2.06352502764616e-05,4.15873896098199e-05,5.9394069726197e-05
