N,mean,variance,95% interv lower,95% interv upper
10,1.29704386620396,0.0462235453031635,1.16379003105142,1.4302977013565
100,1.19746478046216,0.00413112164802056,1.18486734671788,1.21006221420643
1000,1.14921536944893,0.000292881736410132,1.14815466537627,1.15027607352159
10000,1.13599529393989,2.88232474766101e-05,1.13589006879163,1.13610051908815
100000,1.13195966745799,2.80862822027277e-06,1.13194928033632,1.13197005457965
