N,mean,variance,95% interv lower,95% interv upper
10,2.22027160432796,0.353357515193135,1.85184137435256,2.58870183430335
100,2.26184045068511,0.479566407423565,2.12611150734929,2.39756939402093
1000,2.43778633737493,0.696711679193603,2.38605250680422,2.48952016794564
10000,2.42032668324779,0.64296652232939,2.40461067415319,2.43604269234238
100000,2.43098687005333,0.650042631271348,2.42598975888814,2.43598398121852
