N,mean,variance,95% interv lower,95% interv upper
10,0.086683881855948,0.00201383974827135,0.0588700679059313,0.114497695805965
100,0.0226588961062051,0.000240288952474249,0.0196207056645153,0.0256970865478949
1000,0.00671072130528748,2.9140022593885e-05,0.00637614665468092,0.00704529595589405
10000,0.00208324409148905,2.80953556894836e-06,0.00205039182338867,0.00211609635958942
100000,0.000661717114994527,2.85572508243545e-07,0.000658404993271613,0.000665029236717441
